<?xml version="1.0" encoding="UTF-8"?>
<!DOCTYPE glassfish-web-app PUBLIC "-//GlassFish.org//DTD GlassFish Application Server 3.1 Servlet 3.0//EN"
        "http://glassfish.org/dtds/glassfish-web-app_3_0-1.dtd">
<glassfish-web-app>
    <security-role-mapping>
        <role-name>appadmin</role-name>
        <group-name>appadmin</group-name>
    </security-role-mapping>
    <security-role-mapping>
        <role-name>appusers</role-name>
        <group-name>appusers</group-name>
    </security-role-mapping>
    <realm>
        <realm-name>file</realm-name>
        <class-name>com.sun.enterprise.security.auth.realm.file.FileRealm</class-name>
        <property name="jaas-context" value="fileRealm"></property>
        <property name="file" value="${com.sun.aas.instanceRoot}/config/local_file"></property>
    </realm>
</glassfish-web-app>
